135333	Pressure ulcer	Condition
432508	Mechanical complication of nervous system device, implant AND/OR graft	Condition
4064452	ECG: atrial fibrillation	Condition
4065288	EKG: atrial flutter	Condition
4064614	EKG: left bundle branch block	Condition
132781	Mechanical complication of vascular device	Condition
432845	Primary malignant neoplasm of central portion of female breast	Condition
135489	Primary malignant neoplasm of male breast	Condition
436339	Bacterial infection caused by Klebsiella pneumoniae	Condition
378087	Metastatic malignant neoplasm to brain and spinal cord	Condition
374915	Focal epilepsy	Condition
4082311	B-cell chronic lymphocytic leukemia	Condition
40479649	Systemic inflammatory response syndrome associated with organ dysfunction	Condition
4205002	Alcohol-induced mood disorder	Condition
134116	Dermatitis caused by drug AND/OR medicine taken internally	Condition
4312023	Metastatic malignant neoplasm to intra-abdominal organs	Condition
196053	Metastatic malignant neoplasm to kidney	Condition
198700	Metastatic malignant neoplasm to liver	Condition
254591	Metastatic malignant neoplasm to lung	Condition
434875	Metastatic malignant neoplasm to mediastinum	Condition
135204	Mycosis fungoides of extranodal AND/OR solid organ site	Condition
197988	Generalized abdominal pain	Condition
439795	Minimal cognitive impairment	Condition
255919	Finding of head and neck region	Condition
43530637	Postprocedural fever	Condition
437312	Bleeding	Condition
23325	Heartburn	Condition
439981	Wound dehiscence	Condition
444063	Injury of urethra	Condition
134765	Cachexia	Condition
200447	Gastrointestinal complication	Condition
4096682	Bleeding from nose	Condition
378253	Headache	Condition
4353709	Intracerebral vascular finding	Condition
443782	Tremor	Condition
436954	Drug abuse	Condition
194696	Dysmenorrhea	Condition
432436	Symbolic dysfunction	Condition
433316	Dizziness and giddiness	Condition
317376	Tachypnea	Condition
201418	Flatulence, eructation and gas pain	Condition
435509	Intracranial abscess	Condition
443257	Swelling / lump finding	Condition
138239	Finding of limb structure	Condition
4119307	Neurogenic claudication	Condition
4147829	Pain in pelvis	Condition
4209859	Empyema	Condition
4150981	Drug resistance	Condition
4135466	Hemothorax	Condition
438658	Traumatic anuria	Condition
433701	Mycosis	Condition
318450	Cardiac tamponade	Condition
444044	Acute tubular necrosis	Condition
440383	Depressive disorder	Condition
4261842	Sick sinus syndrome	Condition
4160328	Tinea cruris	Condition
73553	Arthropathy	Condition
261600	Acute pulmonary edema	Condition
443530	Hematochezia	Condition
4142875	Solitary nodule of lung	Condition
40483317	Refractory epilepsy	Condition
4263576	Abdominal wind pain	Condition
444101	Hypertensive heart failure	Condition
201254	Type 1 diabetes mellitus	Condition
377550	Compression of brain	Condition
4182210	Dementia	Condition
4182562	Lower abdominal pain	Condition
4272156	Prurigo nodularis	Condition
201478	Traumatic shock	Condition
44784217	Cardiac arrhythmia	Condition
442555	Breathing painful	Condition
432303	Cocaine abuse	Condition
45769862	Kidney lesion	Condition
436096	Chronic pain	Condition
198124	Kidney disease	Condition
138525	Pain in limb	Condition
377091	Seizure	Condition
444115	Disorder of bursa	Condition
197917	Disorder of biliary tract	Condition
194686	Acquired renal cystic disease	Condition
759852	Cellulitis of left lower limb	Condition
759860	Cellulitis of left upper limb	Condition
37395564	Hypoxemic respiratory failure	Condition
46269835	Hepatic ascites due to chronic alcoholic hepatitis	Condition
198683	Viral hepatitis B without hepatic coma	Condition
261053	Pneumonia in aspergillosis	Condition
80951	Candidiasis of urogenital site	Condition
199863	Primary bacterial peritonitis	Condition
319843	Mitral valve disorder	Condition
45757363	Hypoglycemia due to type 2 diabetes mellitus	Condition
256449	Bronchiectasis	Condition
192279	Disorder of kidney due to diabetes mellitus	Condition
4131908	Peripheral angiopathy due to diabetes mellitus	Condition
4131422	Neoplasm of intra-abdominal lymph nodes	Condition
4133007	Neoplasm of lymph nodes of multiple sites	Condition
4133610	Fracture of upper end of humerus	Condition
444198	Intracranial hemorrhage following injury with loss of consciousness	Condition
198964	Chronic hepatitis C	Condition
43530687	Dysarthria as late effects of cerebrovascular disease	Condition
198191	Acquired hypertrophic pyloric stenosis	Condition
4029488	Hepatic encephalopathy	Condition
43530666	Dementia with behavioral disturbance	Condition
36712982	Unstable angina co-occurrent and due to coronary arteriosclerosis	Condition
36712983	Angina co-occurrent and due to coronary arteriosclerosis	Condition
35615055	Saddle embolus of pulmonary artery with acute cor pulmonale	Condition
435829	Rheumatic disease of heart valve	Condition
200527	Splenomegaly	Condition
4037874	Congenital hydronephrosis	Condition
4040820	Rheumatic disease of mitral AND aortic valves	Condition
435933	Closed fracture of lumbar vertebra without spinal cord injury	Condition
314666	Old myocardial infarction	Condition
439672	Hepatic coma due to viral hepatitis C	Condition
439674	Chronic viral hepatitis B without delta-agent	Condition
4095430	Malignant neoplasm of rectum, rectosigmoid junction and anus	Condition
134898	Non-toxic uninodular goiter	Condition
4099651	Type 2 diabetes mellitus with ulcer	Condition
4098611	Hyperuricemia without signs of inflammatory arthritis and tophaceous disease	Condition
375519	Alcohol withdrawal	Condition
373449	Delirium caused by drug	Condition
435226	Bipolar affective disorder, current episode mixed	Condition
377290	Legal blindness USA	Condition
24230	Foreign body in larynx	Condition
4108814	Pericardial effusion - noninflammatory	Condition
4111412	Tricuspid incompetence, non-rheumatic	Condition
4111565	Disorders of both aortic and tricuspid valves	Condition
4111566	Disorders of both mitral and tricuspid valves	Condition
320746	Cardiomyopathy associated with another disorder	Condition
4112183	Esophageal varices with bleeding, associated with another disorder	Condition
4109883	Esophageal varices without bleeding, associated with another disorder	Condition
201907	Edema of male genital organs	Condition
4064161	Cirrhosis of liver	Condition
434626	Borderline personality disorder	Condition
136496	Cellulitis and abscess of face	Condition
197950	Cellulitis and abscess of trunk	Condition
4066371	Cellulitis and abscess of lower leg	Condition
73614	Closed fracture of seven ribs	Condition
73840	Localized, primary osteoarthritis of the shoulder region	Condition
78505	Localized, primary osteoarthritis of the ankle and/or foot	Condition
4308093	Dupuytren's disease of palm	Condition
321596	Peripheral venous insufficiency	Condition
316993	Tricuspid valve disorder	Condition
4049367	Psychologic conversion disorder	Condition
72465	Closed fracture of one or more phalanges of hand	Condition
4017107	Traumatic subdural hemorrhage	Condition
4055870	Superficial injury of lower limb, excluding foot	Condition
438664	Accidental poisoning by hormones and synthetic substitutes	Condition
4043378	Frontotemporal dementia	Condition
372409	Sciatica	Condition
255848	Pneumonia	Condition
198177	Abdominal aortic aneurysm	Condition
4340383	Alcoholic hepatitis	Condition
4340386	Alcoholic hepatic failure	Condition
4126119	Toxic nephropathy	Condition
4035127	Hypoadrenalism	Condition
436940	Metabolic syndrome X	Condition
4029420	Severe hyperglycemia due to diabetes mellitus	Condition
30361	Hypoglycemic disorder	Condition
437541	Glaucoma	Condition
4079749	Osteoarthritis of hip	Condition
4079750	Osteoarthritis of knee	Condition
4345578	Rhabdomyolysis	Condition
4084966	Candida infection of genital region	Condition
4084229	Primary gout	Condition
374919	Multiple sclerosis	Condition
373474	Diplopia	Condition
201072	Benign prostatic hyperplasia without outflow obstruction	Condition
376229	Abnormal involuntary movement	Condition
4094504	Bacterial infection caused by Proteus mirabilis	Condition
195392	Laceration of liver	Condition
198678	Intestinal infectious disease	Condition
440940	Methicillin resistant Staphylococcus aureus infection	Condition
253797	Post-inflammatory pulmonary fibrosis	Condition
261881	Trauma and postoperative pulmonary insufficiency	Condition
141825	Simple goiter	Condition
437827	Pure hypercholesterolemia	Condition
440360	Pure hyperglyceridemia	Condition
374028	Age related macular degeneration	Condition
78219	Cellulitis and abscess of hand excluding digits	Condition
74114	Cellulitis and abscess of foot excluding toe	Condition
4151863	Congenital abnormality of liver and/or biliary tract	Condition
437402	Closed fracture of sixth cervical vertebra	Condition
434493	Closed fracture of seventh cervical vertebra	Condition
4167097	Spondylolisthesis	Condition
439777	Anemia	Condition
4155909	Anesthesia of skin	Condition
140214	Eruption	Condition
4168217	Generalized hyperhidrosis	Condition
443783	Chronic disease	Condition
4079687	Tumor lysis syndrome	Condition
320744	Complete atrioventricular block	Condition
201965	Shock	Condition
436252	Closed fracture of shaft of tibia	Condition
4083964	Soft tissue injury	Condition
4152156	Cardiovascular injury	Condition
4103703	Melena	Condition
46270376	Acute exacerbation of chronic obstructive bronchitis	Condition
43531622	Ataxia as sequela of cerebrovascular disease	Condition
193165	Disorder of adrenal gland	Condition
437382	Urine finding	Condition
432870	Thrombocytopenic disorder	Condition
74464	Idiopathic scoliosis AND/OR kyphoscoliosis	Condition
4150681	Chronic gastric ulcer with perforation	Condition
438688	Sarcoidosis	Condition
4152384	Non-rheumatic aortic sclerosis	Condition
36713112	Pancytopenia due to antineoplastic chemotherapy	Condition
45757691	Gastric band procedure complication	Condition
72459	Closed fracture of two ribs	Condition
192680	Portal hypertension	Condition
4177092	Traumatic complication of procedure	Condition
195977	Contusion of trunk	Condition
37016349	Hyperglycemia due to type 2 diabetes mellitus	Condition
434327	Cannabis abuse	Condition
192963	Disorder of pancreas	Condition
4192647	Hypovolemic shock	Condition
4163710	Dilated cardiomyopathy	Condition
77644	Adhesive capsulitis of shoulder	Condition
441266	Thiamine deficiency	Condition
4270024	Acute non-ST segment elevation myocardial infarction	Condition
438595	Subdural hemorrhage following injury without open intracranial wound AND with no loss of consciousness	Condition
43530744	Weakness of face muscles as sequela of stroke	Condition
443535	Infection caused by Enterococcus	Condition
31317	Dysphagia	Condition
4256228	Respiratory failure	Condition
26459	Acute esophagitis	Condition
134735	Chronic osteomyelitis	Condition
4187218	Pneumonitis caused by inhaled substance	Condition
4302954	Disorder characterized by eosinophilia	Condition
195599	Prolapse of vaginal vault after hysterectomy	Condition
376065	Disorder of nervous system due to type 2 diabetes mellitus	Condition
4222876	Gangrene due to type 2 diabetes mellitus	Condition
443734	Ketoacidosis due to type 2 diabetes mellitus	Condition
319835	Congestive heart failure	Condition
4174262	Polyneuropathy	Condition
4307981	Clostridium difficile colitis	Condition
4309542	Infection caused by anaerobic bacteria	Condition
4138456	ECG: sinus bradycardia	Condition
4140164	Disorder of sacrococcygeal spine	Condition
4175154	Disorder of the peripheral nervous system	Condition
4145220	Drug abuse, continuous	Condition
4177206	Tubulointerstitial nephritis	Condition
4324765	Arthropathy of knee joint	Condition
438406	Severe major depression, single episode, with psychotic features	Condition
443617	Conduct disorder	Condition
4232697	Persistent atrial fibrillation	Condition
201826	Type 2 diabetes mellitus	Condition
40484532	Nonalcoholic steatohepatitis	Condition
40481089	Embolism from thrombosis of vein of lower extremity	Condition
40492268	Myelodysplastic/myeloproliferative disease	Condition
201441	Traumatic hemothorax without open wound into thorax	Condition
77734	Contusion of lower leg	Condition
193782	End-stage renal disease	Condition
444100	Mood disorder	Condition
261880	Atelectasis	Condition
43022062	Cardiovascular system complication of procedure	Condition
4140001	ECG: junctional rhythm	Condition
4145510	EKG: supraventricular tachycardia	Condition
4140598	ECG: sinus tachycardia	Condition
437677	Abnormal findings on diagnostic imaging of lung	Condition
444038	Organic mood disorder caused by psychoactive substance	Condition
137945	Pressure ulcer stage 2	Condition
135340	Pressure ulcer stage 3	Condition
134736	Backache	Condition
27674	Nausea and vomiting	Condition
375545	Cataract	Condition
200219	Abdominal pain	Condition
78227	Degenerative joint disease of hand	Condition
136580	Dehiscence of surgical wound	Condition
4097128	Absent foot	Condition
4093531	Absence of toe	Condition
312437	Dyspnea	Condition
433595	Edema	Condition
441829	Hyperosmolality and or hypernatremia	Condition
78232	Shoulder joint pain	Condition
443238	Diabetic - poor control	Condition
433456	Acute pain	Condition
4168694	Lung field abnormal	Condition
4171917	Localized edema	Condition
4171919	Localized swelling, mass and lump, lower limb	Condition
373995	Delirium	Condition
441417	Incoordination	Condition
4114720	Difficulty talking	Condition
46270383	Headache caused by drug	Condition
194175	Left upper quadrant pain	Condition
4140207	Nephrosclerosis	Condition
43530742	Paralytic syndrome on one side of the body as late effect of cerebrovascular accident	Condition
75897	Polyarthropathy	Condition
443392	Malignant neoplastic disease	Condition
4269569	Disturbance of perception associated with conversion and dissociative phenomenon	Condition
441968	Acetonuria	Condition
80180	Osteoarthritis	Condition
197378	Overflow incontinence of urine	Condition
199075	Neurogenic urinary bladder	Condition
321462	Cardiac complication	Condition
31967	Nausea	Condition
40481042	Acute diastolic heart failure	Condition
40482801	Uncontrolled type 2 diabetes mellitus	Condition
40485490	Acute postthoracotomy pain syndrome	Condition
4164898	Diverticulosis of large intestine without diverticulitis	Condition
197684	Dysuria	Condition
435517	Acidosis	Condition
201688	Delay when starting to pass urine	Condition
4273391	Suicidal thoughts	Condition
261687	Hemoptysis	Condition
433031	Hallucinations	Condition
197675	Incontinence of feces	Condition
372912	Visual discomfort	Condition
37311319	Hypovolemia	Condition
24134	Neck pain	Condition
435224	Leukopenia	Condition
316822	Heart murmur	Condition
80767	Breast lump	Condition
140168	Psoriasis	Condition
434657	Weakness of face muscles	Condition
314664	Long QT syndrome	Condition
44784631	Pain due to neoplastic disease	Condition
43530605	Pulmonary embolism with pulmonary infarction	Condition
44782429	Chronic kidney disease due to hypertension	Condition
260139	Acute bronchitis	Condition
4003171	Benign neoplasm of meninges	Condition
374009	Organic mental disorder	Condition
444234	Late effect of complications of trauma	Condition
45757306	Closed fracture of fourth thoracic vertebra	Condition
45757307	Closed fracture of second lumbar vertebra	Condition
45757320	Osteoporotic fracture of vertebra	Condition
4042503	Disorder of upper limb	Condition
4000609	Disorder of upper gastrointestinal tract	Condition
78273	Closed fracture of multiple ribs	Condition
444199	Iatrogenic disorder	Condition
432881	Pancytopenia	Condition
312349	Venous varices	Condition
4028387	Disorder of integument	Condition
4043371	Inflammatory disorder of digestive tract	Condition
46274035	Pneumonia caused by methicillin susceptible Staphylococcus aureus	Condition
44782690	Chronic kidney disease stage 5 due to hypertension	Condition
44782743	Acute deep venous thrombosis of popliteal vein	Condition
44782747	Acute deep venous thrombosis of femoral vein	Condition
44782421	Acute deep venous thrombosis of upper extremity	Condition
44782760	Acute thrombosis of superficial vein of upper extremity	Condition
44782762	Acute thrombosis of subclavian vein	Condition
436665	Bipolar disorder	Condition
373748	Tonic-clonic status epilepticus	Condition
141253	Disorder of thyroid gland	Condition
433753	Alcohol abuse	Condition
377889	Hearing loss	Condition
43530690	Foot ulcer due to type 2 diabetes mellitus	Condition
40321716	Secondary thrombocytopenia	Condition
40326053	Dysphonia	Condition
30753	Esophagitis	Condition
4066036	Gastroduodenal fistula	Condition
437116	Closed fracture of distal end of radius	Condition
436677	Adjustment disorder	Condition
374375	Impacted cerumen	Condition
193688	Clostridioides difficile infection	Condition
433405	Proteus infection	Condition
196925	Metastatic malignant neoplasm to retroperitoneum and peritoneum	Condition
140666	Myeloid leukemia	Condition
374888	Dementia associated with another disease	Condition
433996	Catatonic schizophrenia	Condition
435236	Acute exacerbation of chronic schizoaffective schizophrenia	Condition
436962	Insomnia	Condition
435308	Acute glomerulonephritis	Condition
320416	Diseases of mitral and aortic valves	Condition
434056	Late effects of cerebrovascular disease	Condition
4025677	Single episode of major depression in full remission	Condition
78786	Pleurisy	Condition
438791	Pulmonary congestion and hypostasis	Condition
4055650	Acute pulmonary insufficiency following nonthoracic surgery	Condition
195306	Gastroduodenitis	Condition
257907	Disorder of lung	Condition
4066819	Localized skin eruption caused by drug and medicament	Condition
4066824	Discoid lupus erythematosus	Condition
376690	Cerebral edema	Condition
4013596	Closed fracture thoracic vertebra	Condition
312358	Chronic glomerulonephritis	Condition
4014781	Closed traumatic subdural hemorrhage	Condition
378756	Conjunctival hemorrhage	Condition
438730	Alkalosis	Condition
432923	Subarachnoid hemorrhage	Condition
4070750	Drug-induced constipation	Condition
438329	Late effect of motor vehicle accident	Condition
194804	Injury of adrenal gland without open wound into abdominal cavity	Condition
435839	Lymphedema	Condition
435463	Herpesvirus infection	Condition
195596	Chronic pancreatitis	Condition
318800	Gastroesophageal reflux disease	Condition
196456	Gallstone	Condition
4340493	Alcohol-induced acute pancreatitis	Condition
4340964	Alcohol-induced chronic pancreatitis	Condition
443211	Benign prostatic hyperplasia with outflow obstruction	Condition
433163	Deficiency of macronutrients	Condition
434005	Morbid obesity	Condition
194516	Hematoma AND contusion of liver without open wound into abdominal cavity	Condition
443194	Accidental cut during medical care	Condition
443767	Disorder of eye due to diabetes mellitus	Condition
439961	Superficial injury without infection	Condition
4103295	Ventricular tachycardia	Condition
4094822	Foreign body in respiratory tract	Condition
4134162	Subarachnoid hemorrhage due to traumatic injury	Condition
135778	Toxic multinodular goiter	Condition
4144111	Gastroesophageal reflux disease without esophagitis	Condition
4144112	Adult hypertrophic pyloric stenosis	Condition
197925	Hemorrhage of rectum and anus	Condition
194692	Cirrhosis - non-alcoholic	Condition
192450	Retention of urine	Condition
376552	Cerebral laceration and contusion	Condition
434814	Late effect of medical and surgical care complication	Condition
4079978	Overlap syndrome	Condition
313780	Mobitz type II atrioventricular block	Condition
373764	Toxic encephalopathy	Condition
43021852	Malignant hypertensive chronic kidney disease	Condition
133853	Osteomyelitis of ankle AND/OR foot	Condition
252946	Coal workers' pneumoconiosis	Condition
134461	Tietze's disease	Condition
201066	Obstruction of bile duct	Condition
4149782	Thrombosis of vein of lower limb	Condition
4193704	Type 2 diabetes mellitus without complication	Condition
436944	Chronic paranoid schizophrenia	Condition
443923	Injury of peritoneum without open wound into abdominal cavity	Condition
437474	Postoperative infection	Condition
201606	Crohn's disease	Condition
200451	Chronic passive congestion of liver	Condition
321887	Disorder of artery	Condition
136368	Non-toxic multinodular goiter	Condition
435220	Severe recurrent major depression without psychotic features	Condition
193138	Primary malignant neoplasm of lower third of esophagus	Condition
4157454	Primary malignant neoplasm of lower lobe, bronchus or lung	Condition
376683	Nonproliferative retinopathy due to diabetes mellitus	Condition
4308509	Impaired fasting glycemia	Condition
320563	Injury of heart without open wound into thorax	Condition
441202	Anaphylaxis	Condition
4213271	Acquired palmoplantar keratoderma	Condition
4288676	Acute and chronic cholecystitis	Condition
4266809	Diverticular disease	Condition
81611	Diverticular disease of colon	Condition
376382	Tension-type headache	Condition
4162218	Vaginal enterocele	Condition
321052	Peripheral vascular disease	Condition
257012	Chronic sinusitis	Condition
4224926	Obstruction of esophagus	Condition
4226021	Spontaneous hemorrhage	Condition
4249827	Infection caused by antimicrobial resistant bacteria	Condition
319844	Acute ischemic heart disease	Condition
432875	Anemia due to chronic blood loss	Condition
315286	Chronic ischemic heart disease	Condition
433736	Obesity	Condition
443587	Diastolic heart failure	Condition
137351	Epidermoid cyst of skin	Condition
439215	Traumatic injury due to event	Condition
443732	Disorder due to type 2 diabetes mellitus	Condition
443730	Disorder of nervous system due to diabetes mellitus	Condition
4226238	Hyperosmolar coma due to diabetes mellitus	Condition
443729	Peripheral circulatory disorder due to type 2 diabetes mellitus	Condition
4224741	Degenerative disorder of macula	Condition
4175167	Traumatic hemothorax	Condition
443465	Dysphagia as a late effect of cerebrovascular accident	Condition
4141820	ECG: sinus arrhythmia	Condition
4181965	Chronic ulcer of foot	Condition
436079	Mood disorder caused by drug	Condition
443612	Chronic kidney disease stage 4	Condition
4332246	Aneurysm	Condition
763021	Chronic viral hepatitis C with hepatic coma	Condition
40479576	Chronic diastolic heart failure	Condition
40479572	Infarct of cerebrum due to iatrogenic cerebrovascular accident	Condition
40479583	Iatrogenic pneumothorax	Condition
40479589	Takotsubo cardiomyopathy	Condition
40480002	Aphasia as late effect of cerebrovascular disease	Condition
40480429	Hemiplegia of nondominant side	Condition
40482237	Hemiplegia of dominant side	Condition
40482638	Arteriosclerosis of autologous vein coronary artery bypass graft	Condition
40483287	Disorder of kidney and/or ureter	Condition
4260380	Closed dislocations of multiple cervical vertebrae	Condition
40490929	Primary malignant neoplasm of intrahepatic bile duct	Condition
381549	Migraine with aura	Condition
40489908	Sepsis caused by Streptococcus	Condition
40493038	Sepsis caused by Gram negative bacteria	Condition
317002	Low blood pressure	Condition
764123	Atherosclerosis of coronary artery without angina pectoris	Condition
194690	Nontraumatic hemoperitoneum	Condition
378427	Tear film insufficiency	Condition
43021974	Complication associated with device	Condition
43021246	Complication associated with insulin pump	Condition
43021258	Infection associated with implant	Condition
196152	Peritonitis	Condition
4169252	Internal injury of abdominal organ	Condition
374022	Hemiplegia	Condition
197494	Viral hepatitis C	Condition
437544	Arterial retinal branch occlusion	Condition
257315	Bacterial pneumonia	Condition
4147162	Metastatic malignant neoplasm to respiratory and digestive systems	Condition
432250	Infectious disease	Condition
4264766	Organic mental disorder caused by cocaine	Condition
196523	Diarrhea	Condition
44783163	Pressure ulcer of lower back	Condition
4322175	Late effect of complications of procedure	Condition
193144	Metastatic malignant neoplasm to adrenal gland	Condition
78097	Metastatic malignant neoplasm to bone	Condition
81175	Contusion of chest	Condition
37394658	Severe sepsis	Condition
43530621	Acute postoperative pain	Condition
36712827	Dehiscence of external surgical incision wound	Condition
43531611	Hypothermia not associated with low environmental temperature	Condition
197320	Acute kidney injury	Condition
75860	Constipation	Condition
197672	Urinary incontinence	Condition
320073	Neutropenia	Condition
137977	Jaundice	Condition
75004	Frank hematuria	Condition
4090272	Anuria	Condition
4168701	Localized swelling, mass and lump, upper limb	Condition
194133	Low back pain	Condition
201901	Abscess of liver	Condition
77670	Chest pain	Condition
4101362	Finding of urine output	Condition
4201387	Tracheostomy present	Condition
4206148	Syncope and collapse	Condition
201916	Ureteric stone	Condition
440029	Viral disease	Condition
372897	Homonymous hemianopia	Condition
435796	Dehydration	Condition
444070	Tachycardia	Condition
435508	Adrenal cortical hypofunction	Condition
437663	Fever	Condition
4305080	Abnormal breathing	Condition
40479192	Chronic systolic heart failure	Condition
4169095	Bradycardia	Condition
132736	Bacteremia	Condition
77074	Joint pain	Condition
192953	Intestinal adhesions with obstruction	Condition
321414	Hemoglobinuria	Condition
442752	Muscle pain	Condition
197610	Cyst of ovary	Condition
197381	Epigastric pain	Condition
4196636	Dysarthria	Condition
315078	Palpitations	Condition
440424	Aphasia	Condition
257503	Primary malignant neoplasm of main bronchus	Condition
37016114	Acute on chronic hypoxemic respiratory failure	Condition
75576	Irritable bowel syndrome	Condition
46269816	Ascites due to alcoholic cirrhosis	Condition
4002359	Monoclonal gammopathy (clinical)	Condition
437233	Multiple myeloma	Condition
4304484	Chronic myeloproliferative disorder (clinical)	Condition
438383	Essential thrombocythemia	Condition
138994	Myelodysplastic syndrome (clinical)	Condition
81878	Benign paroxysmal positional vertigo	Condition
4008576	Diabetes mellitus without complication	Condition
4009303	Diabetic ketoacidosis without coma	Condition
138384	Acquired hypothyroidism	Condition
438398	Leukocytosis	Condition
436003	Persistent postoperative fistula	Condition
435726	Mechanical complication of device	Condition
442019	Complication of procedure	Condition
36712779	Chronic total occlusion of coronary artery	Condition
4038835	Hodgkin's disease (clinical)	Condition
36712821	Postprocedural infection	Condition
193666	Injury of hip region	Condition
75053	Fracture of bone	Condition
194990	Inflammatory disease of liver	Condition
444206	Arthropathy of pelvis	Condition
438567	Adult failure to thrive syndrome	Condition
4028980	Congenital stricture of urethra	Condition
434610	Hyperkalemia	Condition
317003	Compression of vein	Condition
43530681	Drug abuse in remission	Condition
45770886	Disorder of plasma protein metabolism	Condition
43531616	Dermopathy due to type 2 diabetes mellitus	Condition
44782719	Chronic combined systolic and diastolic heart failure	Condition
44782733	Acute on chronic combined systolic and diastolic heart failure	Condition
320116	Acute pericarditis	Condition
36712963	Gangrene of left lower limb due to atherosclerosis	Condition
44782728	Hypertensive heart AND chronic kidney disease with congestive heart failure	Condition
4070976	Mechanical complication of dialysis catheter	Condition
199837	Portal vein thrombosis	Condition
136788	Spinal stenosis of lumbar region	Condition
81250	Carcinoma in situ of breast	Condition
4101282	Dietary selenium deficiency	Condition
4101283	Dietary zinc deficiency	Condition
441258	Anemia in neoplastic disease	Condition
439703	Active infantile autism	Condition
433735	Acute alcoholic intoxication in alcoholism	Condition
437257	Continuous acute alcoholic intoxication in alcoholism	Condition
436953	Continuous chronic alcoholism	Condition
439005	Chronic alcoholism in remission	Condition
372906	Blindness - both eyes	Condition
439696	Hypertensive heart and renal disease with (congestive) heart failure	Condition
321318	Angina pectoris	Condition
4110961	Generalized ischemic myocardial dysfunction	Condition
4110192	Cerebral infarction due to thrombosis of cerebral arteries	Condition
4108356	Cerebral infarction due to embolism of cerebral arteries	Condition
256723	Pneumonia and influenza	Condition
317009	Asthma	Condition
4025325	Periapical abscess	Condition
376208	Disorder of soft tissue	Condition
199074	Acute pancreatitis	Condition
192360	Cyst and pseudocyst of pancreas	Condition
442077	Anxiety disorder	Condition
78472	Microscopic hematuria	Condition
198802	Occlusion of ureter	Condition
254068	Disorder of upper respiratory system	Condition
138825	Actinic keratosis	Condition
40405599	Fibromyalgia	Condition
194152	Renal agenesis and dysgenesis	Condition
432933	Aneurysm of artery of lower extremity	Condition
4059119	Concussion and edema of thoracic spinal cord	Condition
439233	Poisoning by antidiabetic agent	Condition
434004	Hypervolemia	Condition
4331284	Contusion of scalp	Condition
259852	Staphylococcal pneumonia	Condition
4044745	Splenic infarction	Condition
439408	Graft complications	Condition
4332304	Status epilepticus	Condition
440385	Obstructive hydrocephalus	Condition
4119460	Infective endocarditis	Condition
316135	Atrioventricular block	Condition
135417	Disorder of implantable defibrillator	Condition
437247	Anemia of chronic disease	Condition
443216	Graft versus host disease	Condition
4085586	Thrombus due to any device, implant AND/OR graft	Condition
4089462	Ventricular premature complex	Condition
4092038	Ventricular pacing pattern	Condition
4088998	AV sequential pacing pattern	Condition
4089488	Atrial pacing pattern	Condition
4104431	Alcohol intoxication	Condition
432863	Acquired coagulation factor deficiency	Condition
198803	Benign prostatic hyperplasia	Condition
435515	Hypo-osmolality and or hyponatremia	Condition
434622	Deficiency anemias	Condition
434894	Acute posthemorrhagic anemia	Condition
141941	Cervical spondylosis without myelopathy	Condition
137967	Muscle, ligament and fascia disorders	Condition
135350	Acute osteomyelitis of ankle and/or foot	Condition
443237	Manic disorder, single episode	Condition
378419	Alzheimer's disease	Condition
4148906	Spontaneous subarachnoid hemorrhage	Condition
376713	Cerebral hemorrhage	Condition
433933	Toxic effect of plant	Condition
4101104	Gastrojejunal ulcer without hemorrhage AND without perforation	Condition
197444	Vascular complication of medical care	Condition
4154290	Paroxysmal atrial fibrillation	Condition
319041	Orthostatic hypotension	Condition
24966	Esophageal varices	Condition
196149	Acute appendicitis with generalized peritonitis	Condition
316429	Premature beats	Condition
443792	Calculus of bile duct	Condition
24609	Hypoglycemia	Condition
443344	Barrett's esophagus	Condition
4123293	Dislocation of temporomandibular joint	Condition
4203555	Collapse of thoracic vertebra	Condition
4204781	Collapse of lumbar vertebra	Condition
440276	Infection AND/OR inflammatory reaction due to internal prosthetic device, implant AND/OR graft	Condition
372309	Mononeuritis	Condition
438469	Duodenal ulcer without hemorrhage, without perforation AND without obstruction	Condition
439944	Subarachnoid hemorrhage following injury without open intracranial wound AND with no loss of consciousness	Condition
4233565	Severe protein-calorie malnutrition (Gomez: less than 60 percent of standard weight)	Condition
4280571	Acute pyelonephritis	Condition
4282096	Major depression, single episode	Condition
4159144	Hepatopulmonary syndrome	Condition
4153380	Disorder of carotid artery	Condition
197806	Primary malignant neoplasm of gallbladder	Condition
318736	Migraine	Condition
258441	Cholesteatoma of attic	Condition
196160	Fistula of intestine	Condition
200528	Ascites	Condition
437390	Hypoxemia	Condition
377845	Anoxic encephalopathy	Condition
253896	Traumatic pneumothorax without open wound into thorax	Condition
80852	Closed fracture of four ribs	Condition
4245842	Umbilical hernia	Condition
201061	Diaphragmatic hernia	Condition
432513	Animal bite wound	Condition
438409	Attention deficit hyperactivity disorder	Condition
4256889	Dissection of abdominal aorta	Condition
443447	Iatrogenic hypotension	Condition
140673	Hypothyroidism	Condition
260131	Disorder of bronchus	Condition
4188155	Hernia of anterior abdominal wall	Condition
4185932	Ischemic heart disease	Condition
4214530	Kyphosis deformity of spine	Condition
196528	Hypospadias	Condition
4167696	Estrogen receptor positive tumor	Condition
196463	Alcoholic cirrhosis	Condition
443731	Renal disorder due to type 2 diabetes mellitus	Condition
4221495	Cataract due to diabetes mellitus type 2	Condition
4172822	Cardiac arrest due to cardiac disorder	Condition
4141360	Chronic atrial fibrillation	Condition
4143698	Streptococcus agalactiae infection	Condition
4145513	ECG: sinus rhythm	Condition
259992	Ventilator associated pneumonia	Condition
435850	Cyst of jaw	Condition
443597	Chronic kidney disease stage 3	Condition
443611	Chronic kidney disease stage 5	Condition
437833	Hypokalemia	Condition
40480946	Monoplegia of nondominant lower limb as a late effect of cerebrovascular accident	Condition
40481762	Hemiplegia as late effect of cerebrovascular disease	Condition
40481816	Infection by methicillin sensitive Staphylococcus aureus	Condition
40480602	Acute on chronic systolic heart failure	Condition
40480603	Acute systolic heart failure	Condition
40481043	Acute on chronic diastolic heart failure	Condition
40481919	Coronary atherosclerosis	Condition
40478938	Infection by Bacteroides fragilis	Condition
40486631	Sepsis caused by anaerobic bacteria	Condition
40491960	Sepsis caused by methicillin resistant Staphylococcus aureus	Condition
195834	Atherosclerosis of renal artery	Condition
75941	Closed fracture of one rib	Condition
201340	Gastritis	Condition
315296	Preinfarction syndrome	Condition
432589	Neutropenia associated with infectious disease	Condition
4188331	Chronic pulmonary edema	Condition
43021283	Infection associated with vascular device	Condition
432289	Drug-induced neutropenia	Condition
436676	Posttraumatic stress disorder	Condition
443919	Hypertensive renal failure	Condition
313217	Atrial fibrillation	Condition
376112	Polyneuropathy due to diabetes mellitus	Condition
372892	Metabolic encephalopathy	Condition
196455	Hepatorenal syndrome	Condition
201078	Atrophic vaginitis	Condition
133566	Necrotizing fasciitis	Condition
432867	Hyperlipidemia	Condition
318772	Disorder of pericardium	Condition
4209423	Nicotine dependence	Condition
378165	Nystagmus	Condition
133280	Alopecia	Condition
435783	Schizophrenia	Condition
200618	Postoperative shock	Condition
313062	Injury of thoracic aorta	Condition
320128	Essential hypertension	Condition
4246395	Cellulitis of abdominal wall	Condition
195851	Gastric ulcer without hemorrhage, without perforation AND without obstruction	Condition
4245975	Hepatic failure	Condition
317713	Injury of blood vessels of thorax	Condition
4245409	Pulmonary aspergillosis	Condition
318174	Phlebitis	Condition
433515	Chronic gastrojejunal ulcer with hemorrhage	Condition
438064	Bacterial infection caused by Pseudomonas	Condition
316998	Left bundle branch block	Condition
135618	Pruritic rash	Condition
81893	Ulcerative colitis	Condition
432585	Blood coagulation disorder	Condition
434281	Aspergillosis	Condition
319049	Acute respiratory failure	Condition
437579	Paroxysmal ventricular tachycardia	Condition
317305	Stricture of artery	Condition
4285898	Polyp of colon	Condition
436073	Psychotic disorder	Condition
44784439	Benign hypertensive renal disease with renal failure	Condition
45768812	Anemia in chronic kidney disease	Condition
36714559	Disorder caused by alcohol	Condition
433516	Duodenitis	Condition
377604	Hepatic coma	Condition
36716978	Acute on chronic hypercapnic respiratory failure	Condition
42537043	CLABSI - central line associated bloodstream infection	Condition
200757	Abscess of peritoneum	Condition
4252581	Alveolar pneumopathy	Condition
192671	Gastrointestinal hemorrhage	Condition
440372	Acquired thrombocytopenia	Condition
442793	Complication due to diabetes mellitus	Condition
261326	Viral pneumonia	Condition
75909	Disorder of bone	Condition
197018	Chronic gastric ulcer with hemorrhage but without obstruction	Condition
441536	Mixed acid-base balance disorder	Condition
441830	Disorder of fluid AND/OR electrolyte	Condition
195590	Urethral stricture	Condition
80816	Degeneration of intervertebral disc	Condition
4300305	Anorexia nervosa, restricting type	Condition
37204825	Fibromuscular dysplasia of wall of renal artery	Condition
433440	Dysthymia	Condition
315273	Mitral valve stenosis	Condition
201613	Chronic nonalcoholic liver disease	Condition
29735	Candidiasis of mouth	Condition
134681	Diffuse spasm of esophagus	Condition
4198042	Disorder of bilirubin metabolism	Condition
193518	Intestinal obstruction	Condition
192673	Vascular insufficiency of intestine	Condition
375415	Injury of head	Condition
380378	Epilepsy	Condition
437779	Streptococcal infectious disease	Condition
321319	Cardiomyopathy	Condition
201618	Disorder of intestine	Condition
373182	Amyotrophic lateral sclerosis	Condition
377830	Alcohol withdrawal delirium	Condition
439727	Human immunodeficiency virus infection	Condition
381859	Infective otitis externa	Condition
314054	Aortic valve disorder	Condition
4337543	Hepatic necrosis	Condition
261325	Pulmonary emphysema	Condition
315831	Chronic pulmonary heart disease	Condition
434547	Complication of surgical procedure	Condition
4229440	Chronic congestive heart failure	Condition
438350	Pneumocystosis	Condition
4232324	Sleep terror disorder	Condition
132797	Sepsis	Condition
4239381	Psychoactive substance abuse	Condition
376063	Benign neoplasm of cerebral meninges	Condition
442104	Benign neoplasm of descending colon	Condition
42873170	Dependence on supplemental oxygen	Condition
317510	Leukemia	Condition
441246	Hemangioma of intracranial structure	Condition
434293	Primary malignant neoplasm of body of pancreas	Condition
438699	Primary malignant neoplasm of rectosigmoid junction	Condition
74582	Primary malignant neoplasm of rectum	Condition
4311499	Primary malignant neoplasm of respiratory tract	Condition
201343	Acute alcoholic liver disease	Condition
46270027	Pneumonia caused by methicillin resistant Staphylococcus aureus	Condition
37018875	Malignant neuroendocrine tumor	Condition
255573	Chronic obstructive pulmonary disease	Condition
40487064	Sepsis caused by Escherichia coli	Condition
40489910	Sepsis caused by Streptococcus group D	Condition
40491961	Sepsis caused by Pseudomonas	Condition
4201745	Disorder of digestive system	Condition
314665	Atrial flutter	Condition
317576	Coronary arteriosclerosis	Condition
316437	Cerebral atherosclerosis	Condition
438130	Opioid abuse	Condition
435459	Staphylococcal infectious disease	Condition
4211231	Panic disorder without agoraphobia	Condition
81723	Contusion of hand	Condition
74816	Contusion of toe	Condition
314059	Right bundle branch block	Condition
438725	Disorder of magnesium metabolism	Condition
257007	Allergic rhinitis	Condition
436148	Chronic duodenal ulcer with hemorrhage but without obstruction	Condition
80502	Osteoporosis	Condition
433450	Paranoid schizophrenia	Condition
435367	Closed subcondylar fracture of mandible	Condition
4195677	Rheumatic tricuspid valve regurgitation	Condition
433991	Recurrent major depression in remission	Condition
253815	Ulceration of vulva	Condition
314131	Degeneration of cervical intervertebral disc	Condition
44782924	Misplacement of hemodialysis catheter	Condition
44783028	Injury of shoulder and upper arm	Condition
444375	Contact dermatitis due to plants, except food	Condition
44784105	Injury of free lower limb	Condition
195562	Hemorrhoids	Condition
195581	Peritoneal adhesion	Condition
45766714	Inflammatory dermatosis	Condition
45768910	Uncomplicated asthma	Condition
46271022	Chronic kidney disease	Condition
46271075	Acute hypoxemic respiratory failure	Condition
46272492	Dissection of artery	Condition
37017432	Polyneuropathy due to type 2 diabetes mellitus	Condition
194406	Urinary tract obstruction	Condition
440853	Closed fracture of surgical neck of humerus	Condition
4249735	Febrile transfusion reaction	Condition
42537748	Acquired absence of organ	Condition
73090	Contusion of foot	Condition
35622958	Disorder in remission	Condition
132397	Pilonidal cyst without abscess	Condition
196236	Septic shock	Condition
35624756	Anemia due to and following chemotherapy	Condition
433968	Candidiasis	Condition
440556	Closed transcervical fracture of femur	Condition
4216972	Bursitis of hip	Condition
435082	Closed fracture of nasal bones	Condition
195856	Cholangitis	Condition
254443	Sj√∂gren's syndrome	Condition
432295	Pernicious anemia	Condition
73923	Contusion of upper arm	Condition
4228361	Asteatosis cutis	Condition
198571	Cardiogenic shock	Condition
437264	Tobacco dependence syndrome	Condition
4233224	Cardiac insufficiency during AND/OR resulting from a procedure	Condition
136834	Closed intertrochanteric fracture	Condition
316535	Closed fracture of thoracic vertebra without spinal cord injury	Condition
72990	Localized osteoarthrosis uncertain if primary OR secondary	Condition
4241530	Asymptomatic human immunodeficiency virus infection	Condition
4244662	Disorder of musculoskeletal system	Condition
133438	Chronic lymphoid leukemia in remission	Condition
433716	Primary malignant neoplasm of testis	Condition
133424	Primary malignant neoplasm of thyroid gland	Condition
437498	Primary malignant neoplasm of tongue	Condition
201620	Kidney stone	Condition
437082	Ankylosing spondylitis	Condition
257004	Acute exacerbation of chronic obstructive pulmonary disease	Condition
434300	Neuroendocrine tumor	Condition
437246	Vitamin B deficiency	Condition
80813	Lumbosacral spondylosis without myelopathy	Condition
254514	Contusion of lung without open wound into thorax	Condition
440979	Acquired hemolytic anemia	Condition
312927	Acute cor pulmonale	Condition
134057	Disorder of cardiovascular system	Condition
4173408	Chronic duodenal ulcer with perforation	Condition
79864	Hematuria syndrome	Condition
4207539	Syndrome of inappropriate vasopressin secretion	Condition
192357	Paralytic ileus	Condition
4243365	Congenital anomaly of female genital system	Condition
440417	Pulmonary embolism	Condition
254061	Pleural effusion	Condition
46270564	Chronic ulcer of calf	Condition
440321	Helicobacter-associated disease	Condition
381591	Cerebrovascular disease	Condition
253790	Pneumonia caused by Klebsiella pneumoniae	Condition
4275423	Supraventricular tachycardia	Condition
196259	Injury of gastrointestinal tract without open wound into abdominal cavity	Condition
440856	Open fracture of shaft of femur	Condition
30133	Acute laryngitis	Condition
197324	Disorder of peritoneum	Condition
435243	Alcohol dependence	Condition
4280354	Nutritional anemia	Condition
435511	Hypercalcemia	Condition
4282630	Wet beriberi	Condition
436093	Disseminated intravascular coagulation	Condition
81902	Urinary tract infectious disease	Condition
138519	Spondylosis without myelopathy	Condition
4286201	Schizoaffective disorder	Condition
45766207	Non-rheumatic mitral valve stenosis with regurgitation	Condition
444406	Acute subendocardial infarction	Condition
372607	Alcohol hallucinosis	Condition
4322024	Pulmonary hypertension	Condition
46272242	Intestinal obstruction co-occurrent and due to decreased peristalsis	Condition
440320	Infection caused by Escherichia coli	Condition
440530	Oropharyngeal dysphagia	Condition
36716270	Cyst of kidney	Condition
36716935	Acquired absence of cervix and uterus	Condition
436581	Accidental poisoning	Condition
28385	Disorder of posterior pituitary	Condition
37110250	Atherosclerosis of artery of lower limb	Condition
37116361	Accidental wound during procedure	Condition
37116369	Acute lung injury during and following administration of blood product	Condition
313459	Sleep apnea	Condition
4248429	Gastric ulcer without hemorrhage AND without perforation	Condition
42536958	Pancytopenia caused by medication	Condition
440392	Retinal vascular occlusion	Condition
321314	Abdominal aortic aneurysm without rupture	Condition
43531578	Chronic kidney disease due to type 2 diabetes mellitus	Condition
4300092	Cannabis-induced organic mental disorder	Condition
442588	Obstructive sleep apnea syndrome	Condition
37205080	Disorder due to and following drug poisoning	Condition
46273390	Dependence on respirator	Condition
378421	Alcoholic polyneuropathy	Condition
372887	Disorder of brain	Condition
312934	Atherosclerosis of aorta	Condition
314658	Cardiomegaly	Condition
254390	Neoplastic pleural effusion	Condition
316139	Heart failure	Condition
440387	Cannabis dependence	Condition
44784621	Hypertensive heart and chronic kidney disease	Condition
4310400	Acute appendicitis	Condition
435788	Disorder of phosphorus metabolism	Condition
436659	Iron deficiency anemia	Condition
432545	Bacterial infectious disease	Condition
195771	Secondary diabetes mellitus	Condition
4339214	Secondary pulmonary hypertension	Condition
4232495	Primary cardiomyopathy	Condition
4232181	Chronic duodenal ulcer with hemorrhage	Condition
435149	Complication of internal device	Condition
440674	Gout	Condition
201894	Acute vascular insufficiency of intestine	Condition
135762	Acute myeloid leukemia in remission	Condition
140352	Acute myeloid leukemia, disease	Condition
74719	Ulcer of foot	Condition
317814	Benign neoplasm of heart	Condition
436348	Primary malignant neoplasm of anal canal	Condition
80045	Primary malignant neoplasm of anus	Condition
435742	Disease caused by Gram-negative bacteria	Condition
